OS,Application
Android,DemoPlayer,x86
Android,DemoPlayer_API3,x86
Android,SamplePlayer,x86
Android,SamplePlayer_API3,x86
Android,EricssonPlayer
Android,EricssonLiveWallpaper
Android,NewEricssonPlayer
Android,EricssonJapanPlayer
Android,TestPlayer
Android,BCCPlayer
Android,OoyalaPlayer
Android,ATTAPI3Player
Android,AzoiPlayer
Android,MotoPlayer
Android,MotoPlayer,x86
Android,SpuulPlayer
Android,SpuulPlayer,x86
Android,MaximPlayer
Android,DiscretixPlayer
Android,CablevisionPlayer
Android,BrightcovePlayer
Android,StemPlayer
Android,ShowtimePlayer
Android,DMMPlayer
Android,CHThlsmodPlayer
Android,CHThlspocPlayer
Android,AnviaPlayer
Android,NextscapePlayer
Android,TVBPlayer
Android,DolbyPlayer
Android,SiminnPlayer
Android,CoxPlayer
Android,CBSMobilePlayer
Android,JSTesterAPI3
Android,WebStreamPlayer
Android,AmazonLab126Player
Android,EspnPlayer
Android,IntellivisionPlayer
Android,ArrisDGPlayer
Android,AxtelPlayer
Android,ConaxPlayer
Android,VerizonDMSPlayer
Android,MyGatePlayer
Android,MyGatePlayer,x86
Android,MinervaPlayer
Android,MinervaPlayer,x86
Android,CJPlayer
Android,AzukiPlayer
Android,DemoHEVC
Android,DemoStreaming
Android,DemoStreamingDolby
Android,ActvilaPlayer
Android,NHKPlayer
Android,VerimatrixPlayer
Android,BSkyBPlayer
Android,PelotonPlayer
Android,PPTVPlayer
Android,MillicomPlayer
Android,OrangeLabsPlayer
Android,ShopChannelPlayer
Android,ComHemPlayer
Android,BNMUXPlayer
Android,FetchTVPlayer
Android,Media24iPlayer
Android,AmazonAIVPlayer
Android,ClearChannelPlayer
Android,Labs
Android,TeliaSoneraPlayer
Android,MagyarPlayer
Android,SlovakTelekomPlayer
Android,Evaluation_A
Android,Evaluation_V
Android,SlovakTelekomPlayer
iOS,Evaluation_A
iOS,Evaluation_V
iOS,AmazonAIVPlayer
iOS,ATTAPI3Player
iOS,PPTVPlayer
iOS,BSkyBPlayer
iOS,VerimatrixPlayer
iOS,ActvilaPlayer
iOS,NHKPlayer
iOS,CJPlayer
iOS,VerizonDMSPlayer
iOS,AxtelPlayer
iOS,IntellivisionPlayer
iOS,AnviaPlayer
iOS,StemPlayer
iOS,CablevisionPlayer
iOS,DiscretixPlayer
iOS,DemoPlayer
iOS,DemoPlayer_API3
iOS,DemoHEVC
iOS,DemoStreaming
iOS,DemoStreamingDolby
iOS,SamplePlayer_API3
iOS,SamplePlayer
iOS,DemoPlayer,v7s
iOS,DemoPlayer_API3,v7s
iOS,SamplePlayer_API3,v7s
iOS,SamplePlayer,v7s
iOS,EricssonJapanPlayer
iOS,EricssonPlayer
iOS,EricssonTestPlayer
iOS,NewEricssonPlayer
iOS,MaximPlayer
iOS,CoxPlayer
Windows,msiPlugin
Windows,AnviaPlugin
Windows,EricssonPlugin
Windows,EricssonJapanPlugin
Windows,VerimatrixPlugin

